Dimension,Parameter,Posterior_mean,Posterior_SD,HDI_95_lower,HDI_95_upper
Novelty,mu_LLM,0.07196387492,0.07582408673,-0.07733893376,0.2156054579
Novelty,sigma_LLM,0.176024585,0.1059988488,0.0001180055119,0.3599919672
Novelty,tie_probability,0.1650431542,0.01018581086,0.1461624985,0.1856357388
Significance,mu_LLM,0.04171645703,0.0725322586,-0.09547043582,0.185935334
Significance,sigma_LLM,0.1189914187,0.08370728253,7.619400106e-05,0.2754540135
Significance,tie_probability,0.2023781042,0.01103783759,0.1812871628,0.2235782614
Testability,mu_LLM,-0.03173266101,0.08242580102,-0.1885943325,0.1372307504
Testability,sigma_LLM,0.219250078,0.1157857891,0.0004418655739,0.4167455539
Testability,tie_probability,0.2347430207,0.01180041227,0.2104336739,0.2563271934
